condition,date,day,peptide,p15,kd,kd_sd
memory,190722,1 memory CD69 Pos.csv,4D,1.6137899708834566e-05,140.0,18.3
memory,190722,1 memory CD69 Pos.csv,4A,0.0010135491734953714,299.0,48.6
memory,190812,4 memory CD69 Pos.csv,3Y,0.0001952959658992528,47.3,8.58
memory,190812,4 memory CD69 Pos.csv,6T,0.0003697100920958602,162.0,26.3
memory,190812,4 memory CD69 Pos.csv,4D,0.0031560203122572225,140.0,18.3
memory,190812,4 memory CD69 Pos.csv,4A,0.001089916412947355,299.0,48.6
memory,190812,4 memory CD69 Pos.csv,5Y,0.024044635346550727,433.0,103.0
memory,190812,4 memory CD69 Pos.csv,5F,0.08077687867684392,1309.0,505.0
memory,191022,1 memory CD69 Pos.csv,6V,0.00010848444412180216,22.8,13.8
memory,191022,1 memory CD69 Pos.csv,3Y,0.0004360811224235951,47.3,8.58
memory,191022,1 memory CD69 Pos.csv,6T,0.0020483937442930355,162.0,26.3
memory,191022,1 memory CD69 Pos.csv,4D,0.00014023183902403698,140.0,18.3
memory,191022,1 memory CD69 Pos.csv,4A,0.06278498658515606,299.0,48.6
memory,191022,1 memory CD69 Pos.csv,5Y,0.04256107239628178,433.0,103.0
memory,191022,1 memory CD69 Pos.csv,5F,0.05168653712708225,1309.0,505.0
memory,191027,1 memory CD69 Pos.csv,6V,4.421162738162118e-05,22.8,13.8
memory,191027,1 memory CD69 Pos.csv,3Y,0.0004081233168564726,47.3,8.58
memory,191027,1 memory CD69 Pos.csv,6T,0.0016291621080973158,162.0,26.3
memory,191027,1 memory CD69 Pos.csv,4D,0.0012847123266904973,140.0,18.3
memory,191027,1 memory CD69 Pos.csv,4A,0.001428554267600598,299.0,48.6
memory,191027,1 memory CD69 Pos.csv,5Y,0.0003929888165418745,433.0,103.0
memory,191027,1 memory CD69 Pos.csv,5F,0.002984141061110841,1309.0,505.0
naive,190708,3 naive CD69 Pos.csv,9V,0.0005834265787366295,4.93,1.22
naive,190708,3 naive CD69 Pos.csv,6V,0.0013421333616665315,22.8,13.8
naive,190708,3 naive CD69 Pos.csv,3Y,0.004844128643118225,47.3,8.58
naive,190708,3 naive CD69 Pos.csv,6T,0.011656158409143233,162.0,26.3
naive,190708,3 naive CD69 Pos.csv,4D,2.279028993189383,140.0,18.3
naive,190708,3 naive CD69 Pos.csv,4A,2.279028993189383,299.0,48.6
naive,190708,3 naive CD69 Pos.csv,5Y,2.741611255724173,433.0,103.0
naive,190708,3 naive CD69 Pos.csv,5F,9.400426731357966,1309.0,505.0
naive,190715,1 naive CD69 Pos.csv,9V,0.00013825424782927436,4.93,1.22
naive,190715,1 naive CD69 Pos.csv,6V,0.00027321286068069815,22.8,13.8
naive,190715,1 naive CD69 Pos.csv,3Y,7.285052685509882e-05,47.3,8.58
naive,190715,1 naive CD69 Pos.csv,6T,0.0007768382447179555,162.0,26.3
naive,190715,1 naive CD69 Pos.csv,4D,0.0022307703112345425,140.0,18.3
naive,190715,1 naive CD69 Pos.csv,4A,0.10931102559125648,299.0,48.6
naive,190715,1 naive CD69 Pos.csv,5Y,0.05112975593695235,433.0,103.0
naive,190715,1 naive CD69 Pos.csv,5F,0.36870266577866573,1309.0,505.0
naive,190715,2 naive CD69 Pos.csv,9V,0.0005449818953043548,4.93,1.22
naive,190715,2 naive CD69 Pos.csv,6V,0.0007765288283308918,22.8,13.8
naive,190715,2 naive CD69 Pos.csv,3Y,0.008556571682585676,47.3,8.58
naive,190715,2 naive CD69 Pos.csv,6T,0.012734120952223607,162.0,26.3
naive,190715,2 naive CD69 Pos.csv,4D,0.019615376965873607,140.0,18.3
naive,190715,2 naive CD69 Pos.csv,5Y,73.32109532547484,433.0,103.0
naive,190715,2 naive CD69 Pos.csv,5F,60.42910194029559,1309.0,505.0
naive,190715,4 naive CD69 Pos.csv,9V,0.00036637670479730235,4.93,1.22
naive,190715,4 naive CD69 Pos.csv,6V,0.0006277719093310295,22.8,13.8
naive,190715,4 naive CD69 Pos.csv,3Y,0.0008858840401357302,47.3,8.58
naive,190715,4 naive CD69 Pos.csv,6T,0.0032976126578052344,162.0,26.3
naive,190715,4 naive CD69 Pos.csv,4D,0.007423542956001857,140.0,18.3
naive,190715,4 naive CD69 Pos.csv,4A,74.82860685920147,299.0,48.6
naive,190715,4 naive CD69 Pos.csv,5Y,0.12842923389342886,433.0,103.0
naive,190715,4 naive CD69 Pos.csv,5F,27.43371342633142,1309.0,505.0
naive,190807,2 naive CD69 Pos.csv,9V,0.0003412287526126162,4.93,1.22
naive,190807,2 naive CD69 Pos.csv,6V,0.0006598366524491433,22.8,13.8
naive,190807,2 naive CD69 Pos.csv,3Y,0.004317234799247077,47.3,8.58
naive,190807,2 naive CD69 Pos.csv,6T,0.009930551784084907,162.0,26.3
naive,190807,2 naive CD69 Pos.csv,4D,0.0025375209296145404,140.0,18.3
naive,190807,2 naive CD69 Pos.csv,4A,1.4273051439988278,299.0,48.6
naive,190807,2 naive CD69 Pos.csv,5Y,2.1197555626366906,433.0,103.0
naive,190807,2 naive CD69 Pos.csv,5F,2.66116187753536,1309.0,505.0
